Date,Block,TrialNumInBlock,StimulusGroup,BarSizeVA_deg,DecisionTime_s,ExecutionTime_s,ReactionTime_s,IsCorrect,ErrorType,DirectionChosen,DirectionCorrect,PlannedDirection,ChosenTarget,PrevTrialCorrect,PrevTrialDirection,Attempt,NumCategories,SessionMode
31-08-2026,1,1,MidGroup,5.10,0.3507,0.2173,0.5680,1,0,Up_90,Up_90,Up_90,2,0,None,1,3,3cat
31-08-2026,1,2,MidGroup,6.10,0.2842,0.1337,0.4179,1,0,Right_0,Right_0,Right_0,2,1,Up_90,1,3,3cat
31-08-2026,1,3,ShortGroup,5.00,0.3009,0.2833,0.5842,0,2,Up_90,Down_270,Down_270,2,1,Right_0,1,3,3cat
31-08-2026,1,4,MidGroup,6.00,0.1675,0.3671,0.5347,0,2,Left_180,Down_270,Down_270,3,0,Up_90,1,3,3cat
31-08-2026,1,5,ShortGroup,4.70,0.4008,0.1333,0.5341,1,0,Up_90,Up_90,Up_90,1,0,Left_180,1,3,3cat
31-08-2026,1,6,MidGroup,5.70,0.3175,0.0334,0.3509,1,0,Left_180,Left_180,Left_180,2,1,Up_90,1,3,3cat
31-08-2026,1,7,LongGroup,7.60,0.2674,0.1336,0.4010,1,0,Down_270,Down_270,Down_270,3,1,Left_180,1,3,3cat
31-08-2026,1,8,ShortGroup,4.00,0.3508,0.1001,0.4509,1,0,Left_180,Left_180,Left_180,1,1,Down_270,1,3,3cat
31-08-2026,1,9,MidGroup,6.00,0.3341,0.0335,0.3676,1,0,Left_180,Left_180,Left_180,2,1,Left_180,1,3,3cat
31-08-2026,1,10,LongGroup,7.60,0.2842,0.0834,0.3675,1,0,Right_0,Right_0,Right_0,3,1,Left_180,1,3,3cat
31-08-2026,1,11,ShortGroup,5.00,0.3841,0.2335,0.6176,0,2,Down_270,Right_0,Right_0,2,1,Right_0,1,3,3cat
31-08-2026,1,12,LongGroup,7.80,0.3508,0.0500,0.4009,1,0,Right_0,Right_0,Right_0,3,0,Down_270,1,3,3cat
31-08-2026,1,13,LongGroup,7.80,0.3176,0.8500,1.1676,1,0,Left_180,Left_180,Left_180,3,1,Right_0,1,3,3cat
31-08-2026,1,14,ShortGroup,5.00,0.3509,0.4504,0.8013,0,2,Up_90,Left_180,Left_180,2,1,Left_180,1,3,3cat
31-08-2026,1,15,ShortGroup,4.00,0.3342,0.0501,0.3843,1,0,Right_0,Right_0,Right_0,1,0,Up_90,1,3,3cat
31-08-2026,1,16,ShortGroup,4.00,0.3843,0.1000,0.4842,1,0,Down_270,Down_270,Down_270,1,1,Right_0,1,3,3cat
31-08-2026,1,17,LongGroup,7.00,0.2508,0.0834,0.3343,1,0,Down_270,Down_270,Down_270,3,1,Down_270,1,3,3cat
31-08-2026,1,18,ShortGroup,4.70,0.3341,0.0668,0.4009,1,0,Left_180,Left_180,Left_180,1,1,Down_270,1,3,3cat
31-08-2026,1,19,ShortGroup,4.10,0.4175,0.0667,0.4842,1,0,Right_0,Right_0,Right_0,1,1,Left_180,1,3,3cat
31-08-2026,1,20,MidGroup,6.10,0.3509,1.4167,1.7676,1,0,Up_90,Up_90,Up_90,2,1,Right_0,1,3,3cat
31-08-2026,1,21,LongGroup,7.00,0.3175,0.0668,0.3843,1,0,Right_0,Right_0,Right_0,3,1,Up_90,1,3,3cat
31-08-2026,1,22,LongGroup,7.60,0.3342,0.1001,0.4342,1,0,Left_180,Left_180,Left_180,3,1,Right_0,1,3,3cat
31-08-2026,1,23,MidGroup,5.10,0.3508,0.1501,0.5009,1,0,Right_0,Right_0,Right_0,2,1,Left_180,1,3,3cat
31-08-2026,1,24,LongGroup,6.70,0.4508,0.1333,0.5841,1,0,Up_90,Up_90,Up_90,3,1,Right_0,1,3,3cat
31-08-2026,1,25,ShortGroup,4.70,0.3675,0.1834,0.5508,1,0,Right_0,Right_0,Right_0,1,1,Up_90,1,3,3cat
31-08-2026,1,26,MidGroup,5.10,0.4342,0.0501,0.4842,1,0,Left_180,Left_180,Left_180,2,1,Right_0,1,3,3cat
31-08-2026,1,27,ShortGroup,5.00,0.4346,0.1829,0.6175,1,0,Up_90,Up_90,Up_90,1,1,Left_180,1,3,3cat
31-08-2026,1,28,MidGroup,5.70,0.3008,0.1001,0.4009,1,0,Down_270,Down_270,Down_270,2,1,Up_90,1,3,3cat
31-08-2026,1,29,MidGroup,6.10,0.2841,0.1167,0.4009,0,2,Right_0,Down_270,Down_270,3,1,Down_270,1,3,3cat
31-08-2026,1,30,ShortGroup,4.10,0.3175,0.0500,0.3676,1,0,Left_180,Left_180,Left_180,1,0,Right_0,1,3,3cat
31-08-2026,1,31,MidGroup,6.10,0.3176,0.1167,0.4342,0,2,Right_0,Left_180,Left_180,3,1,Left_180,1,3,3cat
31-08-2026,1,32,LongGroup,6.70,0.2342,0.2167,0.4509,1,0,Right_0,Right_0,Right_0,3,0,Right_0,1,3,3cat
31-08-2026,1,33,LongGroup,6.70,0.3175,0.0500,0.3674,1,0,Left_180,Left_180,Left_180,3,1,Right_0,1,3,3cat
31-08-2026,1,34,MidGroup,5.70,0.3342,0.3334,0.6675,0,2,Down_270,Right_0,Right_0,3,1,Left_180,1,3,3cat
31-08-2026,1,35,MidGroup,6.00,0.4175,0.2167,0.6342,1,0,Right_0,Right_0,Right_0,2,0,Down_270,1,3,3cat
31-08-2026,1,36,ShortGroup,4.10,0.3842,0.2000,0.5842,1,0,Up_90,Up_90,Up_90,1,1,Right_0,1,3,3cat
31-08-2026,1,37,ShortGroup,4.70,0.3341,0.3001,0.6342,1,0,Down_270,Down_270,Down_270,1,1,Up_90,1,3,3cat
31-08-2026,1,38,LongGroup,7.00,0.3008,0.0666,0.3674,1,0,Left_180,Left_180,Left_180,3,1,Down_270,1,3,3cat
31-08-2026,1,39,MidGroup,5.10,0.3508,0.1001,0.4509,0,2,Left_180,Down_270,Down_270,1,1,Left_180,1,3,3cat
31-08-2026,1,40,ShortGroup,4.00,0.3842,0.2167,0.6009,1,0,Up_90,Up_90,Up_90,1,0,Left_180,1,3,3cat
31-08-2026,1,41,LongGroup,7.60,0.4008,0.1667,0.5675,1,0,Up_90,Up_90,Up_90,3,1,Up_90,1,3,3cat
31-08-2026,1,42,LongGroup,7.80,0.2842,0.1334,0.4176,1,0,Down_270,Down_270,Down_270,3,1,Up_90,1,3,3cat
31-08-2026,1,43,ShortGroup,4.10,0.3842,0.2500,0.6342,1,0,Down_270,Down_270,Down_270,1,1,Down_270,1,3,3cat
31-08-2026,1,44,LongGroup,7.00,0.3342,0.2500,0.5842,1,0,Up_90,Up_90,Up_90,3,1,Down_270,1,3,3cat
31-08-2026,1,45,LongGroup,7.80,0.3342,0.1501,0.4842,1,0,Up_90,Up_90,Up_90,3,1,Up_90,1,3,3cat
31-08-2026,1,46,MidGroup,6.00,0.3008,0.3167,0.6176,1,0,Up_90,Up_90,Up_90,2,1,Up_90,1,3,3cat
31-08-2026,1,47,MidGroup,5.70,0.3675,0.5834,0.9509,0,2,Down_270,Up_90,Up_90,3,1,Up_90,1,3,3cat
31-08-2026,1,48,LongGroup,6.70,0.3343,1.9165,2.2508,0,2,Up_90,Down_270,Down_270,2,0,Down_270,1,3,3cat
31-08-2026,2,1,MidGroup,6.00,0.3842,0.1833,0.5675,1,0,Up_90,Up_90,Up_90,2,0,Up_90,1,3,3cat
31-08-2026,2,2,MidGroup,5.70,0.3508,0.4500,0.8009,1,0,Right_0,Right_0,Right_0,2,1,Up_90,1,3,3cat
31-08-2026,2,3,ShortGroup,4.10,0.4009,0.0667,0.4675,1,0,Left_180,Left_180,Left_180,1,1,Right_0,1,3,3cat
31-08-2026,2,4,ShortGroup,5.00,0.2508,1.6832,1.9340,0,2,Up_90,Left_180,Left_180,2,1,Left_180,1,3,3cat
31-08-2026,2,5,LongGroup,7.60,0.2508,0.1334,0.3842,1,0,Down_270,Down_270,Down_270,3,0,Up_90,1,3,3cat
31-08-2026,2,6,ShortGroup,4.00,0.3842,0.1667,0.5509,1,0,Up_90,Up_90,Up_90,1,1,Down_270,1,3,3cat
31-08-2026,2,7,MidGroup,6.10,0.3842,0.0665,0.4508,1,0,Right_0,Right_0,Right_0,2,1,Up_90,1,3,3cat
31-08-2026,2,8,LongGroup,7.60,0.4010,0.1831,0.5841,1,0,Up_90,Up_90,Up_90,3,1,Right_0,1,3,3cat
31-08-2026,2,9,LongGroup,7.80,0.3175,0.0667,0.3842,1,0,Right_0,Right_0,Right_0,3,1,Up_90,1,3,3cat
31-08-2026,2,10,MidGroup,5.10,0.3342,0.3166,0.6508,1,0,Right_0,Right_0,Right_0,2,1,Right_0,1,3,3cat
31-08-2026,2,11,ShortGroup,5.00,0.3675,0.1667,0.5342,1,0,Up_90,Up_90,Up_90,1,1,Right_0,1,3,3cat
31-08-2026,2,12,ShortGroup,4.00,0.3508,0.2000,0.5509,1,0,Down_270,Down_270,Down_270,1,1,Up_90,1,3,3cat
31-08-2026,2,13,LongGroup,7.00,0.3175,0.1333,0.4509,1,0,Left_180,Left_180,Left_180,3,1,Down_270,1,3,3cat
31-08-2026,2,14,LongGroup,7.60,0.3175,0.0334,0.3509,1,0,Left_180,Left_180,Left_180,3,1,Left_180,1,3,3cat
31-08-2026,2,15,ShortGroup,4.70,0.3509,0.0834,0.4343,1,0,Left_180,Left_180,Left_180,1,1,Left_180,1,3,3cat
31-08-2026,2,16,ShortGroup,4.00,0.3846,0.1496,0.5342,1,0,Right_0,Right_0,Right_0,1,1,Left_180,1,3,3cat
31-08-2026,2,17,MidGroup,6.10,0.3675,0.7000,1.0675,0,2,Right_0,Up_90,Up_90,3,1,Right_0,1,3,3cat
31-08-2026,2,18,MidGroup,6.00,0.3508,0.1166,0.4675,1,0,Down_270,Down_270,Down_270,2,0,Right_0,1,3,3cat
31-08-2026,2,19,LongGroup,7.80,0.2342,0.1167,0.3509,1,0,Down_270,Down_270,Down_270,3,1,Down_270,1,3,3cat
31-08-2026,2,20,MidGroup,5.10,0.3174,0.2835,0.6009,0,2,Right_0,Down_270,Down_270,3,1,Down_270,1,3,3cat
31-08-2026,2,21,MidGroup,6.10,0.3341,0.1335,0.4676,1,0,Down_270,Down_270,Down_270,2,0,Right_0,1,3,3cat
31-08-2026,2,22,ShortGroup,4.10,0.4341,0.2668,0.7008,1,0,Up_90,Up_90,Up_90,1,1,Down_270,1,3,3cat
31-08-2026,2,23,LongGroup,6.70,0.2842,0.0167,0.3008,1,0,Left_180,Left_180,Left_180,3,1,Up_90,1,3,3cat
31-08-2026,2,24,ShortGroup,4.10,0.3840,0.2002,0.5843,1,0,Right_0,Right_0,Right_0,1,1,Left_180,1,3,3cat
31-08-2026,2,25,ShortGroup,5.00,0.3009,0.1834,0.4842,0,2,Down_270,Right_0,Right_0,3,1,Right_0,1,3,3cat
31-08-2026,2,26,ShortGroup,4.70,0.3175,0.6832,1.0007,0,2,Up_90,Right_0,Right_0,2,0,Down_270,1,3,3cat
31-08-2026,2,27,LongGroup,7.00,0.3676,0.7667,1.1343,1,0,Up_90,Up_90,Up_90,3,0,Up_90,1,3,3cat
31-08-2026,2,28,MidGroup,5.70,0.4342,0.4667,0.9009,1,0,Up_90,Up_90,Up_90,2,1,Up_90,1,3,3cat
31-08-2026,2,29,ShortGroup,4.70,0.4176,0.7833,1.2009,1,0,Up_90,Up_90,Up_90,1,1,Up_90,1,3,3cat
31-08-2026,2,30,LongGroup,7.80,0.3009,0.0334,0.3342,1,0,Left_180,Left_180,Left_180,3,1,Up_90,1,3,3cat
31-08-2026,2,31,LongGroup,6.70,0.3342,0.0666,0.4009,1,0,Right_0,Right_0,Right_0,3,1,Left_180,1,3,3cat
31-08-2026,2,32,MidGroup,5.10,0.3675,0.4667,0.8343,0,2,Down_270,Up_90,Up_90,1,1,Right_0,1,3,3cat
31-08-2026,2,33,MidGroup,6.00,0.3342,0.1334,0.4676,1,0,Right_0,Right_0,Right_0,2,0,Down_270,1,3,3cat
31-08-2026,2,34,LongGroup,7.80,0.4008,0.1334,0.5342,1,0,Up_90,Up_90,Up_90,3,1,Right_0,1,3,3cat
31-08-2026,2,35,ShortGroup,4.70,0.3675,0.1333,0.5007,1,0,Down_270,Down_270,Down_270,1,1,Up_90,1,3,3cat
31-08-2026,2,36,LongGroup,7.60,0.3514,0.0662,0.4176,1,0,Right_0,Right_0,Right_0,3,1,Down_270,1,3,3cat
31-08-2026,2,37,MidGroup,5.70,0.4675,1.0000,1.4676,0,2,Up_90,Left_180,Left_180,1,1,Right_0,1,3,3cat
31-08-2026,2,38,LongGroup,6.70,0.3674,0.2002,0.5675,1,0,Down_270,Down_270,Down_270,3,0,Up_90,1,3,3cat
31-08-2026,2,39,ShortGroup,4.00,0.3175,0.1000,0.4175,1,0,Left_180,Left_180,Left_180,1,1,Down_270,1,3,3cat
31-08-2026,2,40,LongGroup,7.00,0.3341,0.2501,0.5842,0,2,Right_0,Down_270,Down_270,2,1,Left_180,1,3,3cat
31-08-2026,2,41,MidGroup,6.00,0.3341,0.3167,0.6508,1,0,Left_180,Left_180,Left_180,2,0,Right_0,1,3,3cat
31-08-2026,2,42,ShortGroup,5.00,0.3175,0.1166,0.4341,1,0,Down_270,Down_270,Down_270,1,1,Left_180,1,3,3cat
31-08-2026,2,43,ShortGroup,4.10,0.3508,0.1167,0.4676,1,0,Down_270,Down_270,Down_270,1,1,Down_270,1,3,3cat
31-08-2026,2,44,LongGroup,6.70,0.1508,0.5334,0.6842,1,0,Up_90,Up_90,Up_90,3,1,Down_270,1,3,3cat
31-08-2026,2,45,LongGroup,7.00,0.3175,0.0834,0.4009,1,0,Right_0,Right_0,Right_0,3,1,Up_90,1,3,3cat
31-08-2026,2,46,MidGroup,6.10,0.3341,0.0668,0.4008,1,0,Left_180,Left_180,Left_180,2,1,Right_0,1,3,3cat
31-08-2026,2,47,MidGroup,5.70,0.3508,0.5334,0.8842,1,0,Down_270,Down_270,Down_270,2,1,Left_180,1,3,3cat
31-08-2026,2,48,MidGroup,5.10,0.4175,0.2834,0.7009,0,2,Down_270,Left_180,Left_180,1,1,Down_270,1,3,3cat
31-08-2026,3,1,ShortGroup,4.00,0.3341,0.1001,0.4342,1,0,Left_180,Left_180,Left_180,1,0,Down_270,1,3,3cat
31-08-2026,3,2,MidGroup,5.10,0.4007,0.1501,0.5509,0,2,Left_180,Up_90,Up_90,3,1,Left_180,1,3,3cat
31-08-2026,3,3,ShortGroup,5.00,0.3675,0.1833,0.5509,0,2,Down_270,Up_90,Up_90,2,0,Left_180,1,3,3cat
31-08-2026,3,4,LongGroup,7.80,0.2675,0.1333,0.4008,1,0,Down_270,Down_270,Down_270,3,0,Down_270,1,3,3cat
31-08-2026,3,5,MidGroup,5.70,0.4008,0.2001,0.6009,1,0,Right_0,Right_0,Right_0,2,1,Down_270,1,3,3cat
31-08-2026,3,6,ShortGroup,4.10,0.4175,0.2834,0.7009,1,0,Down_270,Down_270,Down_270,1,1,Right_0,1,3,3cat
31-08-2026,3,7,LongGroup,7.80,0.3342,0.0667,0.4009,1,0,Right_0,Right_0,Right_0,3,1,Down_270,1,3,3cat
31-08-2026,3,8,ShortGroup,4.00,0.3341,0.1334,0.4675,1,0,Down_270,Down_270,Down_270,1,1,Right_0,1,3,3cat
31-08-2026,3,9,ShortGroup,5.00,0.3342,0.3500,0.6842,0,2,Left_180,Right_0,Right_0,2,1,Down_270,1,3,3cat
31-08-2026,3,10,MidGroup,6.00,0.3341,1.3833,1.7173,1,0,Left_180,Left_180,Left_180,2,0,Left_180,1,3,3cat
31-08-2026,3,11,ShortGroup,5.00,0.4009,0.2667,0.6675,0,2,Up_90,Down_270,Down_270,2,1,Left_180,1,3,3cat
31-08-2026,3,12,MidGroup,5.10,0.4340,0.4835,0.9176,1,0,Left_180,Left_180,Left_180,2,0,Up_90,1,3,3cat
31-08-2026,3,13,LongGroup,6.70,0.3341,0.1502,0.4842,1,0,Right_0,Right_0,Right_0,3,1,Left_180,1,3,3cat
31-08-2026,3,14,ShortGroup,4.00,0.4008,0.2999,0.7008,1,0,Up_90,Up_90,Up_90,1,1,Right_0,1,3,3cat
31-08-2026,3,15,ShortGroup,4.00,0.4008,0.1334,0.5342,1,0,Right_0,Right_0,Right_0,1,1,Up_90,1,3,3cat
31-08-2026,3,16,LongGroup,7.00,0.4675,0.3334,0.8009,1,0,Up_90,Up_90,Up_90,3,1,Right_0,1,3,3cat
31-08-2026,3,17,LongGroup,7.00,0.2508,0.1501,0.4009,1,0,Down_270,Down_270,Down_270,3,1,Up_90,1,3,3cat
31-08-2026,3,18,LongGroup,7.60,0.3508,0.3499,0.7007,1,0,Down_270,Down_270,Down_270,3,1,Down_270,1,3,3cat
31-08-2026,3,19,LongGroup,7.00,0.3175,0.0332,0.3507,1,0,Left_180,Left_180,Left_180,3,1,Down_270,1,3,3cat
31-08-2026,3,20,LongGroup,7.80,0.4341,0.2333,0.6674,1,0,Up_90,Up_90,Up_90,3,1,Left_180,1,3,3cat
31-08-2026,3,21,LongGroup,7.00,0.3008,0.0667,0.3675,1,0,Right_0,Right_0,Right_0,3,1,Up_90,1,3,3cat
31-08-2026,3,22,LongGroup,7.60,0.3675,0.0999,0.4674,1,0,Right_0,Right_0,Right_0,3,1,Right_0,1,3,3cat
31-08-2026,3,23,MidGroup,6.00,0.3342,0.6167,0.9509,1,0,Down_270,Down_270,Down_270,2,1,Right_0,1,3,3cat
31-08-2026,3,24,MidGroup,5.10,0.4508,0.1834,0.6342,0,2,Right_0,Down_270,Down_270,1,1,Down_270,1,3,3cat
31-08-2026,3,25,MidGroup,5.10,0.3508,1.0167,1.3675,1,0,Right_0,Right_0,Right_0,2,0,Right_0,1,3,3cat
31-08-2026,3,26,MidGroup,6.10,0.3175,0.1499,0.4675,1,0,Down_270,Down_270,Down_270,2,1,Right_0,1,3,3cat
31-08-2026,3,27,MidGroup,5.70,0.4175,0.1834,0.6009,1,0,Up_90,Up_90,Up_90,2,1,Down_270,1,3,3cat
31-08-2026,3,28,MidGroup,5.70,0.3008,0.1166,0.4175,0,2,Right_0,Down_270,Down_270,3,1,Up_90,1,3,3cat
31-08-2026,3,29,ShortGroup,4.70,0.4175,0.1167,0.5342,1,0,Down_270,Down_270,Down_270,1,0,Right_0,1,3,3cat
31-08-2026,3,30,LongGroup,6.70,0.2841,0.0502,0.3342,1,0,Left_180,Left_180,Left_180,3,1,Down_270,1,3,3cat
31-08-2026,3,31,ShortGroup,4.10,0.3174,0.0834,0.4009,1,0,Left_180,Left_180,Left_180,1,1,Left_180,1,3,3cat
31-08-2026,3,32,MidGroup,6.10,0.3175,0.6000,0.9175,0,2,Right_0,Up_90,Up_90,3,1,Left_180,1,3,3cat
31-08-2026,3,33,LongGroup,6.70,0.3175,0.2666,0.5841,1,0,Up_90,Up_90,Up_90,3,0,Right_0,1,3,3cat
31-08-2026,3,34,ShortGroup,4.10,0.4508,0.1500,0.6008,1,0,Up_90,Up_90,Up_90,1,1,Up_90,1,3,3cat
31-08-2026,3,35,MidGroup,6.10,0.2841,0.0501,0.3342,1,0,Left_180,Left_180,Left_180,2,1,Up_90,1,3,3cat
31-08-2026,3,36,MidGroup,6.10,0.3008,0.2836,0.5844,0,2,Up_90,Right_0,Right_0,3,1,Left_180,1,3,3cat
31-08-2026,3,37,LongGroup,7.60,0.3675,0.2000,0.5676,1,0,Up_90,Up_90,Up_90,3,0,Up_90,1,3,3cat
31-08-2026,3,38,ShortGroup,5.00,0.3008,0.1339,0.4348,1,0,Left_180,Left_180,Left_180,1,1,Up_90,1,3,3cat
31-08-2026,3,39,ShortGroup,4.10,0.4175,0.1834,0.6009,1,0,Right_0,Right_0,Right_0,1,1,Left_180,1,3,3cat
31-08-2026,3,40,LongGroup,7.80,0.3175,0.0672,0.3847,1,0,Left_180,Left_180,Left_180,3,1,Right_0,1,3,3cat
31-08-2026,3,41,MidGroup,6.00,0.4342,0.1334,0.5676,1,0,Right_0,Right_0,Right_0,2,1,Left_180,1,3,3cat
31-08-2026,3,42,ShortGroup,4.70,0.5009,0.1667,0.6676,1,0,Up_90,Up_90,Up_90,1,1,Right_0,1,3,3cat
31-08-2026,3,43,MidGroup,5.70,0.3508,0.0502,0.4010,1,0,Left_180,Left_180,Left_180,2,1,Up_90,1,3,3cat
31-08-2026,3,44,MidGroup,6.00,0.3842,0.2834,0.6676,1,0,Up_90,Up_90,Up_90,2,1,Left_180,1,3,3cat
31-08-2026,3,45,LongGroup,6.70,0.2842,0.1000,0.3843,1,0,Down_270,Down_270,Down_270,3,1,Up_90,1,3,3cat
31-08-2026,3,46,LongGroup,7.60,0.3175,0.0167,0.3342,1,0,Left_180,Left_180,Left_180,3,1,Down_270,1,3,3cat
31-08-2026,3,47,ShortGroup,4.70,0.5342,0.1500,0.6842,1,0,Right_0,Right_0,Right_0,1,1,Left_180,1,3,3cat
31-08-2026,3,48,ShortGroup,4.70,0.4009,0.0667,0.4675,1,0,Left_180,Left_180,Left_180,1,1,Right_0,1,3,3cat
31-08-2026,4,1,MidGroup,5.70,0.5342,0.1667,0.7009,1,0,Right_0,Right_0,Right_0,2,1,Left_180,1,3,3cat
31-08-2026,4,2,ShortGroup,5.00,0.3509,1.1000,1.4509,0,2,Up_90,Right_0,Right_0,3,1,Right_0,1,3,3cat
31-08-2026,4,3,ShortGroup,4.00,0.4009,0.1334,0.5343,1,0,Right_0,Right_0,Right_0,1,0,Up_90,1,3,3cat
31-08-2026,4,4,MidGroup,5.70,0.4008,0.1667,0.5675,1,0,Up_90,Up_90,Up_90,2,1,Right_0,1,3,3cat
31-08-2026,4,5,LongGroup,6.70,0.3342,0.1501,0.4842,1,0,Right_0,Right_0,Right_0,3,1,Up_90,1,3,3cat
31-08-2026,4,6,ShortGroup,4.10,0.3009,0.1500,0.4509,1,0,Down_270,Down_270,Down_270,1,1,Right_0,1,3,3cat
31-08-2026,4,7,ShortGroup,4.00,0.4841,0.2834,0.7675,1,0,Down_270,Down_270,Down_270,1,1,Down_270,1,3,3cat
31-08-2026,4,8,MidGroup,6.00,0.3513,0.3662,0.7175,0,2,Down_270,Left_180,Left_180,3,1,Down_270,1,3,3cat
31-08-2026,4,9,LongGroup,7.00,0.5175,0.2500,0.7675,1,0,Up_90,Up_90,Up_90,3,0,Down_270,1,3,3cat
31-08-2026,4,10,LongGroup,7.80,0.4675,0.1666,0.6341,1,0,Up_90,Up_90,Up_90,3,1,Up_90,1,3,3cat
31-08-2026,4,11,MidGroup,5.10,0.3509,0.2000,0.5509,0,2,Right_0,Down_270,Down_270,1,1,Up_90,1,3,3cat
31-08-2026,4,12,MidGroup,5.10,0.3675,0.5167,0.8842,1,0,Up_90,Up_90,Up_90,2,0,Right_0,1,3,3cat
31-08-2026,4,13,MidGroup,6.10,0.4841,0.1001,0.5843,1,0,Left_180,Left_180,Left_180,2,1,Up_90,1,3,3cat
31-08-2026,4,14,LongGroup,6.70,0.3175,0.7833,1.1007,1,0,Up_90,Up_90,Up_90,3,1,Left_180,1,3,3cat
31-08-2026,4,15,ShortGroup,4.70,0.4175,0.0832,0.5007,1,0,Right_0,Right_0,Right_0,1,1,Up_90,1,3,3cat
31-08-2026,4,16,ShortGroup,4.10,0.3342,0.0834,0.4176,1,0,Left_180,Left_180,Left_180,1,1,Right_0,1,3,3cat
31-08-2026,4,17,LongGroup,6.70,0.3675,0.2000,0.5675,1,0,Left_180,Left_180,Left_180,3,1,Left_180,1,3,3cat
31-08-2026,4,18,MidGroup,5.10,0.4342,0.2834,0.7176,0,2,Right_0,Left_180,Left_180,1,1,Left_180,1,3,3cat
31-08-2026,4,19,ShortGroup,5.00,0.3342,0.2667,0.6009,0,2,Left_180,Down_270,Down_270,3,0,Right_0,1,3,3cat
31-08-2026,4,20,ShortGroup,4.70,0.3841,1.1833,1.5675,0,2,Right_0,Left_180,Left_180,2,0,Left_180,1,3,3cat
31-08-2026,4,21,ShortGroup,4.00,0.4175,0.1500,0.5675,1,0,Up_90,Up_90,Up_90,1,0,Right_0,1,3,3cat
31-08-2026,4,22,ShortGroup,4.10,0.3340,0.2168,0.5508,0,2,Up_90,Right_0,Right_0,3,1,Up_90,1,3,3cat
31-08-2026,4,23,LongGroup,7.60,0.3508,0.0501,0.4009,1,0,Right_0,Right_0,Right_0,3,0,Up_90,1,3,3cat
31-08-2026,4,24,LongGroup,7.00,0.3342,0.0667,0.4009,1,0,Right_0,Right_0,Right_0,3,1,Right_0,1,3,3cat
31-08-2026,4,25,LongGroup,7.80,0.3175,0.0667,0.3842,1,0,Left_180,Left_180,Left_180,3,1,Right_0,1,3,3cat
31-08-2026,4,26,LongGroup,7.60,0.3675,0.1835,0.5510,1,0,Up_90,Up_90,Up_90,3,1,Left_180,1,3,3cat
31-08-2026,4,27,LongGroup,7.00,0.4009,0.1167,0.5176,1,0,Down_270,Down_270,Down_270,3,1,Up_90,1,3,3cat
31-08-2026,4,28,LongGroup,7.80,0.3008,0.0667,0.3675,1,0,Right_0,Right_0,Right_0,3,1,Down_270,1,3,3cat
31-08-2026,4,29,ShortGroup,4.00,0.4509,0.1167,0.5676,1,0,Left_180,Left_180,Left_180,1,1,Right_0,1,3,3cat
31-08-2026,4,30,MidGroup,5.70,0.3508,0.3334,0.6842,1,0,Down_270,Down_270,Down_270,2,1,Left_180,1,3,3cat
31-08-2026,4,31,ShortGroup,5.00,0.3841,0.4501,0.8342,1,0,Up_90,Up_90,Up_90,1,1,Down_270,1,3,3cat
31-08-2026,4,32,MidGroup,6.10,0.4008,0.5500,0.9509,0,2,Up_90,Down_270,Down_270,3,1,Up_90,1,3,3cat
31-08-2026,4,33,ShortGroup,4.70,0.4341,1.4667,1.9008,0,2,Down_270,Up_90,Up_90,2,0,Up_90,1,3,3cat
31-08-2026,4,34,MidGroup,6.00,0.4175,0.3668,0.7842,1,0,Up_90,Up_90,Up_90,2,0,Down_270,1,3,3cat
31-08-2026,4,35,LongGroup,7.00,0.4008,0.0333,0.4342,1,0,Left_180,Left_180,Left_180,3,1,Up_90,1,3,3cat
31-08-2026,4,36,MidGroup,6.00,0.4174,0.1835,0.6009,1,0,Right_0,Right_0,Right_0,2,1,Left_180,1,3,3cat
31-08-2026,4,37,MidGroup,6.10,0.3508,0.3501,0.7009,0,2,Left_180,Up_90,Up_90,3,1,Right_0,1,3,3cat
31-08-2026,4,38,MidGroup,6.10,0.4342,0.5834,1.0175,0,2,Up_90,Right_0,Right_0,3,0,Left_180,1,3,3cat
31-08-2026,4,39,ShortGroup,4.10,0.3675,0.1501,0.5175,1,0,Up_90,Up_90,Up_90,1,0,Up_90,1,3,3cat
31-08-2026,4,40,LongGroup,7.80,0.2842,0.1006,0.3847,1,0,Down_270,Down_270,Down_270,3,1,Up_90,1,3,3cat
31-08-2026,4,41,LongGroup,6.70,0.2841,0.1167,0.4009,1,0,Down_270,Down_270,Down_270,3,1,Down_270,1,3,3cat
31-08-2026,4,42,LongGroup,7.60,0.2342,0.1668,0.4009,1,0,Down_270,Down_270,Down_270,3,1,Down_270,1,3,3cat
31-08-2026,4,43,ShortGroup,4.70,0.3007,0.4335,0.7342,1,0,Down_270,Down_270,Down_270,1,1,Down_270,1,3,3cat
31-08-2026,4,44,LongGroup,7.60,0.3008,0.0501,0.3509,1,0,Left_180,Left_180,Left_180,3,1,Down_270,1,3,3cat
31-08-2026,4,45,ShortGroup,5.00,0.3342,0.2672,0.6014,1,0,Left_180,Left_180,Left_180,1,1,Left_180,1,3,3cat
31-08-2026,4,46,MidGroup,5.10,0.4342,1.2000,1.6342,1,0,Right_0,Right_0,Right_0,2,1,Left_180,1,3,3cat
31-08-2026,4,47,MidGroup,6.00,0.3008,0.2834,0.5842,1,0,Down_270,Down_270,Down_270,2,1,Right_0,1,3,3cat
31-08-2026,4,48,MidGroup,5.70,0.3508,0.1001,0.4509,1,0,Left_180,Left_180,Left_180,2,1,Down_270,1,3,3cat
31-08-2026,5,1,MidGroup,6.10,0.3175,0.1667,0.4842,1,0,Left_180,Left_180,Left_180,2,1,Left_180,1,3,3cat
31-08-2026,5,2,ShortGroup,4.70,0.3342,0.1000,0.4342,1,0,Down_270,Down_270,Down_270,1,1,Left_180,1,3,3cat
31-08-2026,5,3,LongGroup,6.70,0.4675,0.1667,0.6342,1,0,Up_90,Up_90,Up_90,3,1,Down_270,1,3,3cat
31-08-2026,5,4,MidGroup,6.00,0.4342,0.2501,0.6842,1,0,Up_90,Up_90,Up_90,2,1,Up_90,1,3,3cat
31-08-2026,5,5,LongGroup,6.70,0.2842,0.1500,0.4342,1,0,Down_270,Down_270,Down_270,3,1,Up_90,1,3,3cat
31-08-2026,5,6,MidGroup,6.00,0.4175,0.3839,0.8014,1,0,Right_0,Right_0,Right_0,2,1,Down_270,1,3,3cat
31-08-2026,5,7,LongGroup,7.80,0.4007,0.5167,0.9174,1,0,Up_90,Up_90,Up_90,3,1,Right_0,1,3,3cat
31-08-2026,5,8,MidGroup,6.10,0.4342,0.1333,0.5675,1,0,Right_0,Right_0,Right_0,2,1,Up_90,1,3,3cat
31-08-2026,5,9,LongGroup,7.60,0.4342,0.3501,0.7843,1,0,Up_90,Up_90,Up_90,3,1,Right_0,1,3,3cat
31-08-2026,5,10,MidGroup,5.10,0.2842,1.0667,1.3509,0,2,Right_0,Up_90,Up_90,3,1,Up_90,1,3,3cat
31-08-2026,5,11,LongGroup,7.00,0.3675,0.5668,0.9343,0,2,Left_180,Down_270,Down_270,2,0,Right_0,1,3,3cat
31-08-2026,5,12,ShortGroup,4.10,0.3342,0.0999,0.4341,1,0,Left_180,Left_180,Left_180,1,0,Left_180,1,3,3cat
31-08-2026,5,13,ShortGroup,4.70,0.3341,0.2834,0.6176,0,2,Down_270,Left_180,Left_180,3,1,Left_180,1,3,3cat
31-08-2026,5,14,ShortGroup,4.70,0.3675,0.4666,0.8341,0,2,Left_180,Up_90,Up_90,2,0,Down_270,1,3,3cat
31-08-2026,5,15,ShortGroup,4.10,0.3341,0.1501,0.4843,1,0,Down_270,Down_270,Down_270,1,0,Left_180,1,3,3cat
31-08-2026,5,16,MidGroup,5.10,0.4175,0.7501,1.1676,1,0,Down_270,Down_270,Down_270,2,1,Down_270,1,3,3cat
31-08-2026,5,17,MidGroup,6.10,0.4341,1.0334,1.4675,1,0,Up_90,Up_90,Up_90,2,1,Down_270,1,3,3cat
31-08-2026,5,18,MidGroup,6.00,0.3013,0.0496,0.3509,1,0,Left_180,Left_180,Left_180,2,1,Up_90,1,3,3cat
31-08-2026,5,19,ShortGroup,4.10,0.4841,0.1834,0.6675,1,0,Up_90,Up_90,Up_90,1,1,Left_180,1,3,3cat
31-08-2026,5,20,LongGroup,7.00,0.3508,0.2003,0.5511,0,2,Down_270,Up_90,Up_90,2,1,Up_90,1,3,3cat
31-08-2026,5,22,LongGroup,7.60,0.3842,0.2167,0.6009,1,0,Right_0,Right_0,Right_0,3,0,Down_270,1,3,3cat
31-08-2026,5,23,LongGroup,7.60,0.3175,0.0501,0.3676,1,0,Left_180,Left_180,Left_180,3,1,Right_0,1,3,3cat
31-08-2026,5,24,MidGroup,5.70,0.3842,0.1334,0.5176,1,0,Right_0,Right_0,Right_0,2,1,Left_180,1,3,3cat
31-08-2026,5,25,MidGroup,5.70,0.4175,0.1334,0.5509,1,0,Down_270,Down_270,Down_270,2,1,Right_0,1,3,3cat
31-08-2026,5,26,LongGroup,7.80,0.3342,0.0667,0.4009,1,0,Right_0,Right_0,Right_0,3,1,Down_270,1,3,3cat
31-08-2026,5,27,LongGroup,7.00,0.3675,0.2001,0.5675,0,2,Down_270,Left_180,Left_180,2,1,Right_0,1,3,3cat
31-08-2026,5,28,ShortGroup,5.00,0.4174,0.1668,0.5842,1,0,Down_270,Down_270,Down_270,1,0,Down_270,1,3,3cat
31-08-2026,5,29,MidGroup,5.10,0.4008,0.1167,0.5176,1,0,Left_180,Left_180,Left_180,2,1,Down_270,1,3,3cat
31-08-2026,5,30,ShortGroup,4.10,0.4675,0.0668,0.5342,1,0,Right_0,Right_0,Right_0,1,1,Left_180,1,3,3cat
31-08-2026,5,31,ShortGroup,4.00,0.4674,0.1668,0.6342,1,0,Up_90,Up_90,Up_90,1,1,Right_0,1,3,3cat
31-08-2026,5,32,ShortGroup,4.00,0.4841,0.2834,0.7675,1,0,Down_270,Down_270,Down_270,1,1,Up_90,1,3,3cat
31-08-2026,5,33,ShortGroup,4.70,0.4675,0.2168,0.6842,0,2,Down_270,Right_0,Right_0,2,1,Down_270,1,3,3cat
31-08-2026,5,34,LongGroup,7.60,0.3008,0.3167,0.6175,1,0,Down_270,Down_270,Down_270,3,0,Down_270,1,3,3cat
31-08-2026,5,35,ShortGroup,4.00,0.3675,0.0834,0.4509,1,0,Left_180,Left_180,Left_180,1,1,Down_270,1,3,3cat
31-08-2026,5,36,LongGroup,7.80,0.3009,0.1167,0.4176,1,0,Left_180,Left_180,Left_180,3,1,Left_180,1,3,3cat
31-08-2026,5,37,MidGroup,6.00,0.3176,0.0834,0.4009,1,0,Down_270,Down_270,Down_270,2,1,Left_180,1,3,3cat
31-08-2026,5,38,LongGroup,7.80,0.2841,0.1167,0.4008,1,0,Down_270,Down_270,Down_270,3,1,Down_270,1,3,3cat
31-08-2026,5,39,MidGroup,5.70,0.4342,0.1666,0.6008,1,0,Up_90,Up_90,Up_90,2,1,Down_270,1,3,3cat
31-08-2026,5,40,ShortGroup,5.00,0.4509,0.1833,0.6342,0,2,Right_0,Left_180,Left_180,2,1,Up_90,1,3,3cat
31-08-2026,5,41,ShortGroup,4.00,0.4675,0.1334,0.6008,1,0,Right_0,Right_0,Right_0,1,0,Right_0,1,3,3cat
31-08-2026,5,42,MidGroup,5.70,0.3509,0.1501,0.5010,1,0,Left_180,Left_180,Left_180,2,1,Right_0,1,3,3cat
31-08-2026,5,43,ShortGroup,5.00,0.4009,0.3167,0.7176,1,0,Up_90,Up_90,Up_90,1,1,Left_180,1,3,3cat
31-08-2026,5,44,LongGroup,6.70,0.4507,0.2002,0.6509,1,0,Right_0,Right_0,Right_0,3,1,Up_90,1,3,3cat
31-08-2026,5,45,ShortGroup,5.00,0.3841,0.4334,0.8175,0,2,Up_90,Right_0,Right_0,2,1,Right_0,1,3,3cat
31-08-2026,5,46,LongGroup,7.00,0.4508,0.5167,0.9675,1,0,Right_0,Right_0,Right_0,3,0,Up_90,1,3,3cat
31-08-2026,5,47,MidGroup,6.10,0.5008,0.1334,0.6342,1,0,Down_270,Down_270,Down_270,2,1,Right_0,1,3,3cat
31-08-2026,5,48,MidGroup,5.10,0.5175,0.5834,1.1009,0,2,Up_90,Right_0,Right_0,1,1,Down_270,1,3,3cat
31-08-2026,6,1,MidGroup,5.70,0.3675,1.0168,1.3843,1,0,Up_90,Up_90,Up_90,2,0,Up_90,1,3,3cat
31-08-2026,6,2,LongGroup,7.00,0.3007,0.2002,0.5009,1,0,Down_270,Down_270,Down_270,3,1,Up_90,1,3,3cat
31-08-2026,6,3,ShortGroup,5.00,0.5175,0.4500,0.9675,0,2,Up_90,Left_180,Left_180,3,1,Down_270,1,3,3cat
31-08-2026,6,4,ShortGroup,4.70,0.4008,0.0834,0.4842,0,2,Left_180,Down_270,Down_270,2,0,Up_90,1,3,3cat
31-08-2026,6,5,ShortGroup,4.00,0.2841,0.1669,0.4509,1,0,Left_180,Left_180,Left_180,1,0,Left_180,1,3,3cat
31-08-2026,6,6,ShortGroup,4.70,0.4342,0.6167,1.0509,0,2,Right_0,Left_180,Left_180,2,1,Left_180,1,3,3cat
31-08-2026,6,7,MidGroup,6.00,0.3508,0.6500,1.0008,1,0,Left_180,Left_180,Left_180,2,0,Right_0,1,3,3cat
31-08-2026,6,8,MidGroup,5.70,0.4675,0.1000,0.5675,1,0,Right_0,Right_0,Right_0,2,1,Left_180,1,3,3cat
31-08-2026,6,9,ShortGroup,4.70,0.4343,0.2000,0.6343,1,0,Up_90,Up_90,Up_90,1,1,Right_0,1,3,3cat
31-08-2026,6,10,MidGroup,5.10,0.3342,0.0500,0.3842,1,0,Left_180,Left_180,Left_180,2,1,Up_90,1,3,3cat
31-08-2026,6,11,LongGroup,6.70,0.3008,0.0502,0.3509,1,0,Left_180,Left_180,Left_180,3,1,Left_180,1,3,3cat
31-08-2026,6,12,MidGroup,6.10,0.2842,0.0334,0.3176,0,2,Left_180,Right_0,Right_0,3,1,Left_180,1,3,3cat
31-08-2026,6,13,MidGroup,5.70,0.3842,0.2001,0.5843,1,0,Left_180,Left_180,Left_180,2,0,Left_180,1,3,3cat
31-08-2026,6,14,LongGroup,6.70,0.3509,0.9500,1.3009,1,0,Up_90,Up_90,Up_90,3,1,Left_180,1,3,3cat
31-08-2026,6,15,ShortGroup,5.00,0.4175,1.0167,1.4342,0,2,Right_0,Up_90,Up_90,2,1,Up_90,1,3,3cat
31-08-2026,6,16,ShortGroup,5.00,0.4842,0.1833,0.6674,0,2,Down_270,Right_0,Right_0,2,0,Right_0,1,3,3cat
31-08-2026,6,17,LongGroup,7.00,0.4508,0.8833,1.3341,1,0,Right_0,Right_0,Right_0,3,0,Down_270,1,3,3cat
31-08-2026,6,18,LongGroup,7.60,0.2675,0.1334,0.4009,1,0,Down_270,Down_270,Down_270,3,1,Right_0,1,3,3cat
31-08-2026,6,19,MidGroup,6.10,0.2842,0.3334,0.6176,1,0,Down_270,Down_270,Down_270,2,1,Down_270,1,3,3cat
31-08-2026,6,20,LongGroup,7.00,0.4508,0.1835,0.6343,1,0,Up_90,Up_90,Up_90,3,1,Down_270,1,3,3cat
31-08-2026,6,21,LongGroup,6.70,0.4008,0.2001,0.6009,0,2,Up_90,Down_270,Down_270,2,1,Up_90,1,3,3cat
31-08-2026,6,22,MidGroup,6.10,0.3675,0.2334,0.6009,1,0,Left_180,Left_180,Left_180,2,0,Up_90,1,3,3cat
31-08-2026,6,23,LongGroup,7.80,0.4175,0.2169,0.6344,1,0,Up_90,Up_90,Up_90,3,1,Left_180,1,3,3cat
31-08-2026,6,24,MidGroup,5.10,0.4175,0.7667,1.1842,1,0,Right_0,Right_0,Right_0,2,1,Up_90,1,3,3cat
31-08-2026,6,25,ShortGroup,4.00,0.4342,0.6500,1.0842,1,0,Up_90,Up_90,Up_90,1,1,Right_0,1,3,3cat
31-08-2026,6,26,LongGroup,7.60,0.4508,0.1501,0.6009,1,0,Up_90,Up_90,Up_90,3,1,Up_90,1,3,3cat
31-08-2026,6,27,LongGroup,7.80,0.3174,0.1002,0.4176,1,0,Left_180,Left_180,Left_180,3,1,Up_90,1,3,3cat
31-08-2026,6,28,LongGroup,7.60,0.2675,0.2667,0.5342,1,0,Left_180,Left_180,Left_180,3,1,Left_180,1,3,3cat
31-08-2026,6,29,ShortGroup,4.10,0.3341,0.1835,0.5175,1,0,Down_270,Down_270,Down_270,1,1,Left_180,1,3,3cat
31-08-2026,6,30,ShortGroup,5.00,0.4342,0.5167,0.9509,0,2,Right_0,Down_270,Down_270,2,1,Down_270,1,3,3cat
31-08-2026,6,31,LongGroup,7.80,0.3175,0.1667,0.4842,1,0,Down_270,Down_270,Down_270,3,0,Right_0,1,3,3cat
31-08-2026,6,32,ShortGroup,4.00,0.3342,0.1668,0.5009,1,0,Down_270,Down_270,Down_270,1,1,Down_270,1,3,3cat
31-08-2026,6,33,LongGroup,7.00,0.2675,0.0334,0.3009,1,0,Left_180,Left_180,Left_180,3,1,Down_270,1,3,3cat
31-08-2026,6,34,MidGroup,6.00,0.3675,0.5667,0.9342,1,0,Down_270,Down_270,Down_270,2,1,Left_180,1,3,3cat
31-08-2026,6,35,LongGroup,7.80,0.3341,0.1335,0.4675,1,0,Right_0,Right_0,Right_0,3,1,Down_270,1,3,3cat
31-08-2026,6,36,LongGroup,7.60,0.3841,0.0668,0.4509,1,0,Right_0,Right_0,Right_0,3,1,Right_0,1,3,3cat
31-08-2026,6,37,ShortGroup,4.10,0.5008,0.1167,0.6176,1,0,Right_0,Right_0,Right_0,1,1,Right_0,1,3,3cat
31-08-2026,6,38,MidGroup,5.10,0.4675,0.5000,0.9675,1,0,Up_90,Up_90,Up_90,2,1,Right_0,1,3,3cat
31-08-2026,6,39,MidGroup,6.00,0.5008,0.2001,0.7009,1,0,Right_0,Right_0,Right_0,2,1,Up_90,1,3,3cat
31-08-2026,6,40,ShortGroup,4.10,0.3342,0.0834,0.4176,1,0,Left_180,Left_180,Left_180,1,1,Right_0,1,3,3cat
31-08-2026,6,41,MidGroup,6.10,0.4008,0.3501,0.7509,1,0,Up_90,Up_90,Up_90,2,1,Left_180,1,3,3cat
31-08-2026,6,42,MidGroup,5.70,0.3175,0.1667,0.4842,1,0,Down_270,Down_270,Down_270,2,1,Up_90,1,3,3cat
31-08-2026,6,43,ShortGroup,4.70,0.5341,0.0668,0.6009,1,0,Right_0,Right_0,Right_0,1,1,Down_270,1,3,3cat
31-08-2026,6,44,MidGroup,5.10,0.3508,0.1501,0.5009,1,0,Down_270,Down_270,Down_270,2,1,Right_0,1,3,3cat
31-08-2026,6,45,MidGroup,6.00,0.4009,0.2334,0.6343,1,0,Up_90,Up_90,Up_90,2,1,Down_270,1,3,3cat
31-08-2026,6,46,ShortGroup,4.00,0.4843,0.0834,0.5676,1,0,Right_0,Right_0,Right_0,1,1,Up_90,1,3,3cat
31-08-2026,6,47,ShortGroup,4.10,0.4675,0.1502,0.6176,1,0,Up_90,Up_90,Up_90,1,1,Right_0,1,3,3cat
31-08-2026,6,48,LongGroup,6.70,0.3342,0.0834,0.4176,1,0,Right_0,Right_0,Right_0,3,1,Up_90,1,3,3cat
31-08-2026,7,1,MidGroup,5.10,0.3676,0.0667,0.4343,1,0,Right_0,Right_0,Right_0,2,1,Right_0,1,3,3cat
31-08-2026,7,2,LongGroup,6.70,0.5343,0.1667,0.7009,1,0,Up_90,Up_90,Up_90,3,1,Right_0,1,3,3cat
31-08-2026,7,3,ShortGroup,5.00,0.4511,0.6165,1.0676,0,2,Left_180,Down_270,Down_270,2,1,Up_90,1,3,3cat
31-08-2026,7,4,LongGroup,7.00,0.3508,0.1168,0.4676,1,0,Right_0,Right_0,Right_0,3,0,Left_180,1,3,3cat
31-08-2026,7,5,MidGroup,5.10,0.3174,0.1002,0.4175,1,0,Left_180,Left_180,Left_180,2,1,Right_0,1,3,3cat
31-08-2026,7,6,MidGroup,5.70,0.4842,0.2833,0.7675,1,0,Up_90,Up_90,Up_90,2,1,Left_180,1,3,3cat
31-08-2026,7,7,ShortGroup,4.00,0.6176,0.0832,0.7008,1,0,Right_0,Right_0,Right_0,1,1,Up_90,1,3,3cat
31-08-2026,7,8,ShortGroup,5.00,0.4008,0.3001,0.7008,0,2,Down_270,Up_90,Up_90,2,1,Right_0,1,3,3cat
31-08-2026,7,10,MidGroup,5.70,0.3342,0.2501,0.5842,1,0,Left_180,Left_180,Left_180,2,0,Down_270,1,3,3cat
31-08-2026,7,11,LongGroup,7.60,0.2842,0.0500,0.3342,1,0,Left_180,Left_180,Left_180,3,1,Left_180,1,3,3cat
31-08-2026,7,12,LongGroup,7.80,0.3508,0.2001,0.5509,1,0,Right_0,Right_0,Right_0,3,1,Left_180,1,3,3cat
31-08-2026,7,13,ShortGroup,4.00,0.4175,0.1334,0.5509,1,0,Down_270,Down_270,Down_270,1,1,Right_0,1,3,3cat
31-08-2026,7,14,LongGroup,7.80,0.3342,0.1667,0.5009,1,0,Left_180,Left_180,Left_180,3,1,Down_270,1,3,3cat
31-08-2026,7,15,LongGroup,6.70,0.3009,0.1334,0.4342,1,0,Left_180,Left_180,Left_180,3,1,Left_180,1,3,3cat
31-08-2026,7,16,MidGroup,6.10,0.3008,0.1168,0.4176,1,0,Left_180,Left_180,Left_180,2,1,Left_180,1,3,3cat
31-08-2026,7,17,ShortGroup,4.70,0.4342,0.3167,0.7509,0,2,Up_90,Left_180,Left_180,2,1,Left_180,1,3,3cat
31-08-2026,7,18,MidGroup,6.00,0.3342,0.3666,0.7008,1,0,Down_270,Down_270,Down_270,2,0,Up_90,1,3,3cat
31-08-2026,7,19,ShortGroup,4.70,0.4008,0.3668,0.7676,0,2,Left_180,Down_270,Down_270,3,1,Down_270,1,3,3cat
31-08-2026,7,20,LongGroup,7.80,0.4842,2.0167,2.5009,1,0,Up_90,Up_90,Up_90,3,0,Left_180,1,3,3cat
31-08-2026,7,21,MidGroup,5.70,0.4008,0.1167,0.5175,1,0,Right_0,Right_0,Right_0,2,1,Up_90,1,3,3cat
31-08-2026,7,22,MidGroup,5.10,0.3675,0.3500,0.7175,1,0,Up_90,Up_90,Up_90,2,1,Right_0,1,3,3cat
31-08-2026,7,23,LongGroup,7.00,0.3008,0.1834,0.4842,1,0,Down_270,Down_270,Down_270,3,1,Up_90,1,3,3cat
31-08-2026,7,24,MidGroup,6.00,0.3175,0.3501,0.6676,1,0,Left_180,Left_180,Left_180,2,1,Down_270,1,3,3cat
31-08-2026,7,25,LongGroup,6.70,0.3008,0.3501,0.6509,1,0,Down_270,Down_270,Down_270,3,1,Left_180,1,3,3cat
31-08-2026,7,26,ShortGroup,4.10,0.3842,0.1500,0.5342,1,0,Left_180,Left_180,Left_180,1,1,Down_270,1,3,3cat
31-08-2026,7,27,MidGroup,6.10,0.2841,0.1000,0.3841,0,2,Left_180,Right_0,Right_0,3,1,Left_180,1,3,3cat
31-08-2026,7,28,MidGroup,6.00,0.4842,0.2000,0.6842,1,0,Right_0,Right_0,Right_0,2,0,Left_180,1,3,3cat
31-08-2026,7,29,LongGroup,7.00,0.4508,0.1501,0.6009,1,0,Up_90,Up_90,Up_90,3,1,Right_0,1,3,3cat
31-08-2026,7,30,LongGroup,7.60,0.3175,0.0501,0.3676,1,0,Right_0,Right_0,Right_0,3,1,Up_90,1,3,3cat
31-08-2026,7,31,ShortGroup,4.70,0.4013,0.2829,0.6842,1,0,Up_90,Up_90,Up_90,1,1,Right_0,1,3,3cat
31-08-2026,7,32,ShortGroup,4.00,0.5174,0.1668,0.6842,1,0,Up_90,Up_90,Up_90,1,1,Up_90,1,3,3cat
